ip,mac,nt_host,dns,owner,priority,lat,long,city,country,bunit,category,pci_domain,is_expected,should_timesync,should_update,requires_av
10.10.20.10,DC:71:96:A5:D5:71,DC-BOS-01,dc-bos-01.theFakeTshirtCompany.com,IT,critical,42.3601,-71.0589,Boston,US,IT,server,,true,true,true,false
10.10.20.11,48:51:B7:FC:53:2E,DC-BOS-02,dc-bos-02.theFakeTshirtCompany.com,IT,critical,42.3601,-71.0589,Boston,US,IT,server,,true,true,true,false
10.10.20.20,48:51:B7:E3:9E:96,FILE-BOS-01,file-bos-01.theFakeTshirtCompany.com,IT,critical,42.3601,-71.0589,Boston,US,IT,server,,true,true,true,false
10.10.20.30,DC:71:96:5F:D3:1B,SQL-PROD-01,sql-prod-01.theFakeTshirtCompany.com,IT,critical,42.3601,-71.0589,Boston,US,IT,server,,true,true,true,false
10.10.20.40,80:86:F2:33:2C:8D,APP-BOS-01,app-bos-01.theFakeTshirtCompany.com,IT,critical,42.3601,-71.0589,Boston,US,IT,server,,true,true,true,false
10.10.30.10,94:57:A5:86:A1:C3,BOS-WS-JSMITH01,bos-ws-jsmith01.theFakeTshirtCompany.com,john.smith,critical,42.3601,-71.0589,Boston,US,Executive,workstation,,true,true,true,true
10.10.30.100,E8:6A:64:6B:5B:52,BOS-WS-OMOORE01,bos-ws-omoore01.theFakeTshirtCompany.com,olivia.moore,critical,42.3601,-71.0589,Boston,US,Marketing,workstation,,true,true,true,true
10.10.30.101,E8:6A:64:A5:5C:7B,BOS-WS-SJOHNSON01,bos-ws-sjohnson01.theFakeTshirtCompany.com,skylar.johnson,medium,42.3601,-71.0589,Boston,US,Marketing,workstation,,true,true,true,true
10.10.30.102,F8:BC:12:11:D2:B8,BOS-WS-SNELSON01,bos-ws-snelson01.theFakeTshirtCompany.com,scarlett.nelson,medium,42.3601,-71.0589,Boston,US,Marketing,workstation,,true,true,true,true
10.10.30.103,F8:BC:12:DF:37:5F,BOS-WS-HBROWN01,bos-ws-hbrown01.theFakeTshirtCompany.com,hazel.brown,medium,42.3601,-71.0589,Boston,US,Marketing,workstation,,true,true,true,true
10.10.30.104,F8:BC:12:2F:EB:9D,BOS-WS-LBELL01,bos-ws-lbell01.theFakeTshirtCompany.com,laura.bell,medium,42.3601,-71.0589,Boston,US,Marketing,workstation,,true,true,true,true
10.10.30.105,F8:BC:12:B1:CA:4D,BOS-WS-VADAMS01,bos-ws-vadams01.theFakeTshirtCompany.com,victoria.adams,medium,42.3601,-71.0589,Boston,US,Marketing,workstation,,true,true,true,true
10.10.30.106,F8:BC:12:5B:34:AB,BOS-WS-NBAKER01,bos-ws-nbaker01.theFakeTshirtCompany.com,nathan.baker,medium,42.3601,-71.0589,Boston,US,Marketing,workstation,,true,true,true,true
10.10.30.107,94:57:A5:C4:65:7A,BOS-WS-GCARTER01,bos-ws-gcarter01.theFakeTshirtCompany.com,grace.carter,medium,42.3601,-71.0589,Boston,US,Marketing,workstation,,true,true,true,true
10.10.30.108,00:14:22:B8:64:AA,BOS-WS-DEVANS01,bos-ws-devans01.theFakeTshirtCompany.com,dylan.evans,medium,42.3601,-71.0589,Boston,US,Marketing,workstation,,true,true,true,true
10.10.30.109,00:14:22:8E:F5:0B,BOS-WS-LFOSTER01,bos-ws-lfoster01.theFakeTshirtCompany.com,lily.foster,medium,42.3601,-71.0589,Boston,US,Marketing,workstation,,true,true,true,true
10.10.30.11,B8:AC:6F:FA:09:C1,BOS-WS-SWILSON01,bos-ws-swilson01.theFakeTshirtCompany.com,sarah.wilson,critical,42.3601,-71.0589,Boston,US,Executive,workstation,,true,true,true,true
10.10.30.110,98:FA:9B:AD:A9:0F,BOS-WS-RGREEN01,bos-ws-rgreen01.theFakeTshirtCompany.com,ryan.green,medium,42.3601,-71.0589,Boston,US,Marketing,workstation,,true,true,true,true
10.10.30.111,00:14:22:53:BD:34,BOS-WS-CHILL01,bos-ws-chill01.theFakeTshirtCompany.com,chloe.hill,medium,42.3601,-71.0589,Boston,US,Marketing,workstation,,true,true,true,true
10.10.30.12,B8:AC:6F:9A:8C:8B,BOS-WS-MJOHNSON01,bos-ws-mjohnson01.theFakeTshirtCompany.com,mike.johnson,critical,42.3601,-71.0589,Boston,US,Executive,workstation,,true,true,true,true
10.10.30.13,00:14:22:95:36:BC,BOS-WS-JDAVIS01,bos-ws-jdavis01.theFakeTshirtCompany.com,jennifer.davis,critical,42.3601,-71.0589,Boston,US,Executive,workstation,,true,true,true,true
10.10.30.14,E8:6A:64:20:05:28,BOS-WS-RCHEN01,bos-ws-rchen01.theFakeTshirtCompany.com,richard.chen,critical,42.3601,-71.0589,Boston,US,Executive,workstation,,true,true,true,true
10.10.30.15,98:FA:9B:85:82:63,BOS-WS-MTAYLOR01,bos-ws-mtaylor01.theFakeTshirtCompany.com,margaret.taylor,critical,42.3601,-71.0589,Boston,US,Executive,workstation,,true,true,true,true
10.10.30.150,E8:6A:64:0A:F0:56,BOS-WS-NLEWIS01,bos-ws-nlewis01.theFakeTshirtCompany.com,nicholas.lewis,medium,42.3601,-71.0589,Boston,US,Engineering,workstation,,true,true,true,true
10.10.30.151,10:60:4B:95:20:E8,BOS-WS-APHILLIPS01,bos-ws-aphillips01.theFakeTshirtCompany.com,amelia.phillips,medium,42.3601,-71.0589,Boston,US,Engineering,workstation,,true,true,true,true
10.10.30.152,B8:AC:6F:0B:31:03,BOS-WS-NHALL01,bos-ws-nhall01.theFakeTshirtCompany.com,nathan.hall,medium,42.3601,-71.0589,Boston,US,Engineering,workstation,,true,true,true,true
10.10.30.153,B8:AC:6F:F4:CF:40,BOS-WS-CNGUYEN01,bos-ws-cnguyen01.theFakeTshirtCompany.com,charles.nguyen,medium,42.3601,-71.0589,Boston,US,Engineering,workstation,,true,true,true,true
10.10.30.154,3C:D9:2B:FE:BC:86,BOS-WS-JHOWARD01,bos-ws-jhoward01.theFakeTshirtCompany.com,justin.howard,medium,42.3601,-71.0589,Boston,US,Engineering,workstation,,true,true,true,true
10.10.30.155,E8:6A:64:B4:76:C5,BOS-WS-NKELLY01,bos-ws-nkelly01.theFakeTshirtCompany.com,noah.kelly,medium,42.3601,-71.0589,Boston,US,Engineering,workstation,,true,true,true,true
10.10.30.156,B8:AC:6F:DF:F5:2E,BOS-WS-JANDERSON02,bos-ws-janderson02.theFakeTshirtCompany.com,joseph.anderson,medium,42.3601,-71.0589,Boston,US,Engineering,workstation,,true,true,true,true
10.10.30.157,B8:AC:6F:AD:D9:19,BOS-WS-AROSS01,bos-ws-aross01.theFakeTshirtCompany.com,andrew.ross,medium,42.3601,-71.0589,Boston,US,Engineering,workstation,,true,true,true,true
10.10.30.158,B8:AC:6F:85:9D:48,BOS-WS-ESTEWART01,bos-ws-estewart01.theFakeTshirtCompany.com,emily.stewart,medium,42.3601,-71.0589,Boston,US,Engineering,workstation,,true,true,true,true
10.10.30.159,10:60:4B:E8:E0:57,BOS-WS-BTURNER01,bos-ws-bturner01.theFakeTshirtCompany.com,brandon.turner,medium,42.3601,-71.0589,Boston,US,Engineering,workstation,,true,true,true,true
10.10.30.160,94:57:A5:33:7D:32,BOS-WS-SEDWARDS01,bos-ws-sedwards01.theFakeTshirtCompany.com,samantha.edwards,medium,42.3601,-71.0589,Boston,US,Engineering,workstation,,true,true,true,true
10.10.30.161,F8:BC:12:B2:E7:C6,BOS-WS-KMURPHY01,bos-ws-kmurphy01.theFakeTshirtCompany.com,kevin.murphy,medium,42.3601,-71.0589,Boston,US,Engineering,workstation,,true,true,true,true
10.10.30.162,00:50:B6:51:41:08,BOS-WS-RPERRY01,bos-ws-rperry01.theFakeTshirtCompany.com,rachel.perry,medium,42.3601,-71.0589,Boston,US,Engineering,workstation,,true,true,true,true
10.10.30.163,B8:AC:6F:D8:52:00,BOS-WS-TBROOKS01,bos-ws-tbrooks01.theFakeTshirtCompany.com,tyler.brooks,medium,42.3601,-71.0589,Boston,US,Engineering,workstation,,true,true,true,true
10.10.30.164,10:60:4B:F6:D4:05,BOS-WS-HSANDERS01,bos-ws-hsanders01.theFakeTshirtCompany.com,hannah.sanders,medium,42.3601,-71.0589,Boston,US,Engineering,workstation,,true,true,true,true
10.10.30.165,E8:6A:64:43:2B:FA,BOS-WS-APOWELL01,bos-ws-apowell01.theFakeTshirtCompany.com,adam.powell,medium,42.3601,-71.0589,Boston,US,Engineering,workstation,,true,true,true,true
10.10.30.166,94:57:A5:42:13:91,BOS-WS-JLONG01,bos-ws-jlong01.theFakeTshirtCompany.com,jessica.long,medium,42.3601,-71.0589,Boston,US,Engineering,workstation,,true,true,true,true
10.10.30.167,98:FA:9B:7A:17:17,BOS-WS-CRUSSELL01,bos-ws-crussell01.theFakeTshirtCompany.com,chris.russell,medium,42.3601,-71.0589,Boston,US,Engineering,workstation,,true,true,true,true
10.10.30.168,10:60:4B:AA:B7:76,BOS-WS-AGRIFFIN01,bos-ws-agriffin01.theFakeTshirtCompany.com,ashley.griffin,medium,42.3601,-71.0589,Boston,US,Engineering,workstation,,true,true,true,true
10.10.30.169,00:50:B6:2F:F5:DA,BOS-WS-MWOOD01,bos-ws-mwood01.theFakeTshirtCompany.com,matthew.wood,medium,42.3601,-71.0589,Boston,US,Engineering,workstation,,true,true,true,true
10.10.30.180,00:14:22:1F:74:D4,BOS-WS-DROBINSON01,bos-ws-drobinson01.theFakeTshirtCompany.com,david.robinson,critical,42.3601,-71.0589,Boston,US,IT,workstation,,true,true,true,true
10.10.30.181,10:60:4B:A1:0C:FE,BOS-WS-CWALKER01,bos-ws-cwalker01.theFakeTshirtCompany.com,christian.walker,medium,42.3601,-71.0589,Boston,US,IT,workstation,,true,true,true,true
10.10.30.182,10:60:4B:D6:1C:41,BOS-WS-PGONZALEZ01,bos-ws-pgonzalez01.theFakeTshirtCompany.com,patrick.gonzalez,medium,42.3601,-71.0589,Boston,US,IT,workstation,,true,true,true,true
10.10.30.183,98:FA:9B:F9:2E:72,BOS-WS-SBARNES01,bos-ws-sbarnes01.theFakeTshirtCompany.com,stephanie.barnes,medium,42.3601,-71.0589,Boston,US,IT,workstation,,true,true,true,true
10.10.30.184,10:60:4B:83:4C:82,BOS-WS-MRIVERA01,bos-ws-mrivera01.theFakeTshirtCompany.com,marcus.rivera,medium,42.3601,-71.0589,Boston,US,IT,workstation,,true,true,true,true
10.10.30.185,34:17:EB:80:3B:0F,BOS-WS-JCOOPER01,bos-ws-jcooper01.theFakeTshirtCompany.com,jennifer.cooper,medium,42.3601,-71.0589,Boston,US,IT,workstation,,true,true,true,true
10.10.30.186,B8:AC:6F:28:A1:17,BOS-WS-BREED01,bos-ws-breed01.theFakeTshirtCompany.com,brian.reed,medium,42.3601,-71.0589,Boston,US,IT,workstation,,true,true,true,true
10.10.30.187,10:60:4B:99:27:63,BOS-WS-NSIMMONS01,bos-ws-nsimmons01.theFakeTshirtCompany.com,nicole.simmons,medium,42.3601,-71.0589,Boston,US,IT,workstation,,true,true,true,true
10.10.30.200,98:FA:9B:52:B0:CA,BOS-WS-MHALL01,bos-ws-mhall01.theFakeTshirtCompany.com,matthew.hall,critical,42.3601,-71.0589,Boston,US,Sales,workstation,,true,true,true,true
10.10.30.201,B8:AC:6F:C4:16:7D,BOS-WS-HMURPHY01,bos-ws-hmurphy01.theFakeTshirtCompany.com,harper.murphy,medium,42.3601,-71.0589,Boston,US,Sales,workstation,,true,true,true,true
10.10.30.202,E8:6A:64:B8:5D:28,BOS-WS-ABELL01,bos-ws-abell01.theFakeTshirtCompany.com,ava.bell,medium,42.3601,-71.0589,Boston,US,Sales,workstation,,true,true,true,true
10.10.30.203,B8:AC:6F:47:43:33,BOS-WS-NREED01,bos-ws-nreed01.theFakeTshirtCompany.com,noah.reed,medium,42.3601,-71.0589,Boston,US,Sales,workstation,,true,true,true,true
10.10.30.204,34:17:EB:42:89:62,BOS-WS-SMORGAN01,bos-ws-smorgan01.theFakeTshirtCompany.com,scott.morgan,medium,42.3601,-71.0589,Boston,US,Sales,workstation,,true,true,true,true
10.10.30.205,10:60:4B:A8:BB:89,BOS-WS-ABLAKE01,bos-ws-ablake01.theFakeTshirtCompany.com,amanda.blake,medium,42.3601,-71.0589,Boston,US,Sales,workstation,,true,true,true,true
10.10.30.206,F8:BC:12:42:47:14,BOS-WS-DSTONE01,bos-ws-dstone01.theFakeTshirtCompany.com,derek.stone,medium,42.3601,-71.0589,Boston,US,Sales,workstation,,true,true,true,true
10.10.30.207,E8:6A:64:08:E1:87,BOS-WS-MGRANT01,bos-ws-mgrant01.theFakeTshirtCompany.com,melissa.grant,medium,42.3601,-71.0589,Boston,US,Sales,workstation,,true,true,true,true
10.10.30.50,98:FA:9B:A7:4E:54,BOS-WS-RWILSON01,bos-ws-rwilson01.theFakeTshirtCompany.com,robert.wilson,critical,42.3601,-71.0589,Boston,US,Finance,workstation,,true,true,true,true
10.10.30.55,00:50:B6:2B:7C:3E,BOS-WS-AMILLER01,bos-ws-amiller01.theFakeTshirtCompany.com,alex.miller,medium,42.3601,-71.0589,Boston,US,Finance,workstation,,true,true,true,true
10.10.30.56,10:60:4B:CF:22:E9,BOS-WS-MLEWIS01,bos-ws-mlewis01.theFakeTshirtCompany.com,michael.lewis,medium,42.3601,-71.0589,Boston,US,Finance,workstation,,true,true,true,true
10.10.30.57,00:50:B6:62:A3:A5,BOS-WS-LROGERS01,bos-ws-lrogers01.theFakeTshirtCompany.com,lucy.rogers,medium,42.3601,-71.0589,Boston,US,Finance,workstation,,true,true,true,true
10.10.30.58,34:17:EB:E5:0F:82,BOS-WS-EWHITE01,bos-ws-ewhite01.theFakeTshirtCompany.com,ella.white,medium,42.3601,-71.0589,Boston,US,Finance,workstation,,true,true,true,true
10.10.30.59,00:14:22:3C:FC:89,BOS-WS-ZEDWARDS01,bos-ws-zedwards01.theFakeTshirtCompany.com,zoey.edwards,medium,42.3601,-71.0589,Boston,US,Finance,workstation,,true,true,true,true
10.10.30.60,00:14:22:DA:78:43,BOS-WS-ZBROOKS01,bos-ws-zbrooks01.theFakeTshirtCompany.com,zara.brooks,medium,42.3601,-71.0589,Boston,US,Finance,workstation,,true,true,true,true
10.10.30.61,00:50:B6:E5:68:14,BOS-WS-DGARCIA01,bos-ws-dgarcia01.theFakeTshirtCompany.com,daniel.garcia,medium,42.3601,-71.0589,Boston,US,Finance,workstation,,true,true,true,true
10.10.30.62,E8:6A:64:A1:96:1F,BOS-WS-EMARTINEZ01,bos-ws-emartinez01.theFakeTshirtCompany.com,emma.martinez,medium,42.3601,-71.0589,Boston,US,Finance,workstation,,true,true,true,true
10.10.30.63,34:17:EB:3F:1A:F1,BOS-WS-JANDERSON01,bos-ws-janderson01.theFakeTshirtCompany.com,james.anderson,medium,42.3601,-71.0589,Boston,US,Finance,workstation,,true,true,true,true
10.10.30.64,B8:AC:6F:18:B6:C3,BOS-WS-OTHOMAS01,bos-ws-othomas01.theFakeTshirtCompany.com,olivia.thomas,medium,42.3601,-71.0589,Boston,US,Finance,workstation,,true,true,true,true
10.10.30.65,B8:AC:6F:CB:D0:19,BOS-WS-WJACKSON01,bos-ws-wjackson01.theFakeTshirtCompany.com,william.jackson,medium,42.3601,-71.0589,Boston,US,Finance,workstation,,true,true,true,true
10.10.30.66,00:14:22:9B:C8:20,BOS-WS-SHARRIS01,bos-ws-sharris01.theFakeTshirtCompany.com,sophia.harris,medium,42.3601,-71.0589,Boston,US,Finance,workstation,,true,true,true,true
10.10.30.67,10:60:4B:59:E2:BB,BOS-WS-BCLARK01,bos-ws-bclark01.theFakeTshirtCompany.com,benjamin.clark,medium,42.3601,-71.0589,Boston,US,Finance,workstation,,true,true,true,true
10.10.30.68,94:57:A5:A4:60:31,BOS-WS-IRODRIGUEZ01,bos-ws-irodriguez01.theFakeTshirtCompany.com,isabella.rodriguez,medium,42.3601,-71.0589,Boston,US,Finance,workstation,,true,true,true,true
10.10.30.69,10:60:4B:46:40:19,BOS-WS-MLEE01,bos-ws-mlee01.theFakeTshirtCompany.com,mason.lee,medium,42.3601,-71.0589,Boston,US,Finance,workstation,,true,true,true,true
10.10.30.70,10:60:4B:9E:EA:43,BOS-WS-MWALKER01,bos-ws-mwalker01.theFakeTshirtCompany.com,mia.walker,medium,42.3601,-71.0589,Boston,US,Finance,workstation,,true,true,true,true
10.10.30.71,98:FA:9B:30:99:98,BOS-WS-EHALL01,bos-ws-ehall01.theFakeTshirtCompany.com,ethan.hall,medium,42.3601,-71.0589,Boston,US,Finance,workstation,,true,true,true,true
10.10.30.72,94:57:A5:45:A0:21,BOS-WS-CYOUNG01,bos-ws-cyoung01.theFakeTshirtCompany.com,charlotte.young,medium,42.3601,-71.0589,Boston,US,Finance,workstation,,true,true,true,true
10.10.30.73,3C:D9:2B:C0:46:AF,BOS-WS-AKING01,bos-ws-aking01.theFakeTshirtCompany.com,alexander.king,medium,42.3601,-71.0589,Boston,US,Finance,workstation,,true,true,true,true
10.10.30.74,3C:D9:2B:F9:3B:44,BOS-WS-AWRIGHT01,bos-ws-awright01.theFakeTshirtCompany.com,amelia.wright,medium,42.3601,-71.0589,Boston,US,Finance,workstation,,true,true,true,true
10.10.30.75,3C:D9:2B:0E:3A:60,BOS-WS-HSCOTT01,bos-ws-hscott01.theFakeTshirtCompany.com,henry.scott,medium,42.3601,-71.0589,Boston,US,Finance,workstation,,true,true,true,true
10.10.31.10,98:FA:9B:66:03:56,BOS-WS-ARAMIREZ01,bos-ws-aramirez01.theFakeTshirtCompany.com,aria.ramirez,critical,42.3601,-71.0589,Boston,US,HR,workstation,,true,true,true,true
10.10.31.11,94:57:A5:4F:4E:DF,BOS-WS-ZREED01,bos-ws-zreed01.theFakeTshirtCompany.com,zoe.reed,medium,42.3601,-71.0589,Boston,US,HR,workstation,,true,true,true,true
10.10.31.12,3C:D9:2B:FB:5D:17,BOS-WS-CTORRES01,bos-ws-ctorres01.theFakeTshirtCompany.com,claire.torres,medium,42.3601,-71.0589,Boston,US,HR,workstation,,true,true,true,true
10.10.31.13,00:14:22:D6:B3:24,BOS-WS-SMORRIS01,bos-ws-smorris01.theFakeTshirtCompany.com,sarah.morris,medium,42.3601,-71.0589,Boston,US,HR,workstation,,true,true,true,true
10.10.31.14,98:FA:9B:DD:89:EB,BOS-WS-LPRICE01,bos-ws-lprice01.theFakeTshirtCompany.com,logan.price,medium,42.3601,-71.0589,Boston,US,HR,workstation,,true,true,true,true
10.10.31.15,B8:AC:6F:37:F9:01,BOS-WS-MQUINN01,bos-ws-mquinn01.theFakeTshirtCompany.com,madison.quinn,medium,42.3601,-71.0589,Boston,US,HR,workstation,,true,true,true,true
10.10.31.50,00:14:22:C6:B4:E1,BOS-WS-CROBERTS01,bos-ws-croberts01.theFakeTshirtCompany.com,claire.roberts,critical,42.3601,-71.0589,Boston,US,Legal,workstation,,true,true,true,true
10.10.31.51,3C:D9:2B:E6:61:36,BOS-WS-SPETERSON01,bos-ws-speterson01.theFakeTshirtCompany.com,scarlett.peterson,medium,42.3601,-71.0589,Boston,US,Legal,workstation,,true,true,true,true
10.10.31.52,34:17:EB:14:05:46,BOS-WS-GCOX01,bos-ws-gcox01.theFakeTshirtCompany.com,grace.cox,medium,42.3601,-71.0589,Boston,US,Legal,workstation,,true,true,true,true
10.10.31.53,3C:D9:2B:E6:10:06,BOS-WS-DHUGHES01,bos-ws-dhughes01.theFakeTshirtCompany.com,diana.hughes,medium,42.3601,-71.0589,Boston,US,Legal,workstation,,true,true,true,true
10.10.31.54,E8:6A:64:14:0A:F1,BOS-WS-PBRYANT01,bos-ws-pbryant01.theFakeTshirtCompany.com,peter.bryant,medium,42.3601,-71.0589,Boston,US,Legal,workstation,,true,true,true,true
10.10.31.55,B8:AC:6F:9B:B6:63,BOS-WS-MFOSTER01,bos-ws-mfoster01.theFakeTshirtCompany.com,monica.foster,medium,42.3601,-71.0589,Boston,US,Legal,workstation,,true,true,true,true
10.10.31.80,94:57:A5:46:11:55,BOS-WS-FMITCHELL01,bos-ws-fmitchell01.theFakeTshirtCompany.com,frank.mitchell,critical,42.3601,-71.0589,Boston,US,Operations,workstation,,true,true,true,true
10.10.31.81,F8:BC:12:69:70:9B,BOS-WS-LPEREZ01,bos-ws-lperez01.theFakeTshirtCompany.com,linda.perez,medium,42.3601,-71.0589,Boston,US,Operations,workstation,,true,true,true,true
10.10.31.82,00:50:B6:D2:58:BF,BOS-WS-GROBERTS01,bos-ws-groberts01.theFakeTshirtCompany.com,gary.roberts,medium,42.3601,-71.0589,Boston,US,Operations,workstation,,true,true,true,true
10.10.31.83,00:14:22:4A:4D:DD,BOS-WS-TSANCHEZ01,bos-ws-tsanchez01.theFakeTshirtCompany.com,teresa.sanchez,medium,42.3601,-71.0589,Boston,US,Operations,workstation,,true,true,true,true
10.10.31.84,B8:AC:6F:6F:EC:D3,BOS-WS-RCOOK01,bos-ws-rcook01.theFakeTshirtCompany.com,raymond.cook,medium,42.3601,-71.0589,Boston,US,Operations,workstation,,true,true,true,true
10.20.20.10,48:51:B7:00:52:AE,DC-ATL-01,dc-atl-01.theFakeTshirtCompany.com,IT,critical,33.7490,-84.3880,Atlanta,US,IT,server,,true,true,true,false
10.20.20.20,A4:34:D9:C7:94:14,BACKUP-ATL-01,backup-atl-01.theFakeTshirtCompany.com,IT,critical,33.7490,-84.3880,Atlanta,US,IT,server,,true,true,true,false
10.20.20.30,DC:71:96:56:A8:B6,MON-ATL-01,mon-atl-01.theFakeTshirtCompany.com,IT,critical,33.7490,-84.3880,Atlanta,US,IT,server,,true,true,true,false
10.20.20.40,A4:34:D9:68:66:CF,DEV-ATL-01,dev-atl-01.theFakeTshirtCompany.com,IT,critical,33.7490,-84.3880,Atlanta,US,IT,server,,true,true,true,false
10.20.20.41,80:86:F2:DD:71:DC,DEV-ATL-02,dev-atl-02.theFakeTshirtCompany.com,IT,critical,33.7490,-84.3880,Atlanta,US,IT,server,,true,true,true,false
10.20.30.100,10:60:4B:84:D2:90,ATL-WS-VHILL01,atl-ws-vhill01.theFakeTshirtCompany.com,vanessa.hill,medium,33.7490,-84.3880,Atlanta,US,Finance,workstation,,true,true,true,true
10.20.30.101,3C:D9:2B:20:AF:B3,ATL-WS-CJONES01,atl-ws-cjones01.theFakeTshirtCompany.com,cedric.jones,medium,33.7490,-84.3880,Atlanta,US,Finance,workstation,,true,true,true,true
10.20.30.15,F8:BC:12:92:85:D2,ATL-WS-JBROWN01,atl-ws-jbrown01.theFakeTshirtCompany.com,jessica.brown,medium,33.7490,-84.3880,Atlanta,US,IT,workstation,,true,true,true,true
10.20.30.16,B8:AC:6F:50:0C:8A,ATL-WS-NKELLY02,atl-ws-nkelly02.theFakeTshirtCompany.com,nicholas.kelly,medium,33.7490,-84.3880,Atlanta,US,IT,workstation,,true,true,true,true
10.20.30.17,00:50:B6:9B:5C:61,ATL-WS-SWRIGHT01,atl-ws-swright01.theFakeTshirtCompany.com,samuel.wright,medium,33.7490,-84.3880,Atlanta,US,IT,workstation,,true,true,true,true
10.20.30.18,34:17:EB:D9:B3:28,ATL-WS-KBUTLER01,atl-ws-kbutler01.theFakeTshirtCompany.com,keith.butler,medium,33.7490,-84.3880,Atlanta,US,IT,workstation,,true,true,true,true
10.20.30.19,34:17:EB:40:CD:5F,ATL-WS-MWARD01,atl-ws-mward01.theFakeTshirtCompany.com,michelle.ward,medium,33.7490,-84.3880,Atlanta,US,IT,workstation,,true,true,true,true
10.20.30.20,B8:AC:6F:93:CF:AC,ATL-WS-SJACKSON01,atl-ws-sjackson01.theFakeTshirtCompany.com,steve.jackson,medium,33.7490,-84.3880,Atlanta,US,IT,workstation,,true,true,true,true
10.20.30.21,34:17:EB:F7:15:65,ATL-WS-TLOPEZ01,atl-ws-tlopez01.theFakeTshirtCompany.com,tiffany.lopez,medium,33.7490,-84.3880,Atlanta,US,IT,workstation,,true,true,true,true
10.20.30.22,34:17:EB:10:7F:1A,ATL-WS-JWASHINGTON01,atl-ws-jwashington01.theFakeTshirtCompany.com,jerome.washington,medium,33.7490,-84.3880,Atlanta,US,IT,workstation,,true,true,true,true
10.20.30.23,E8:6A:64:43:36:67,ATL-WS-AJAMES01,atl-ws-ajames01.theFakeTshirtCompany.com,angela.james,medium,33.7490,-84.3880,Atlanta,US,IT,workstation,,true,true,true,true
10.20.30.24,3C:D9:2B:93:7F:EB,ATL-WS-CMARTINEZ01,atl-ws-cmartinez01.theFakeTshirtCompany.com,carlos.martinez,medium,33.7490,-84.3880,Atlanta,US,IT,workstation,,true,true,true,true
10.20.30.25,F8:BC:12:65:FE:E7,ATL-WS-YHENDERSON01,atl-ws-yhenderson01.theFakeTshirtCompany.com,yolanda.henderson,medium,33.7490,-84.3880,Atlanta,US,IT,workstation,,true,true,true,true
10.20.30.26,B8:AC:6F:4D:54:E5,ATL-WS-DCOLEMAN01,atl-ws-dcoleman01.theFakeTshirtCompany.com,derek.coleman,medium,33.7490,-84.3880,Atlanta,US,IT,workstation,,true,true,true,true
10.20.30.27,94:57:A5:0A:80:D9,ATL-WS-TRUSSELL01,atl-ws-trussell01.theFakeTshirtCompany.com,tonya.russell,medium,33.7490,-84.3880,Atlanta,US,IT,workstation,,true,true,true,true
10.20.30.28,E8:6A:64:B2:12:F4,ATL-WS-MWILLIAMS01,atl-ws-mwilliams01.theFakeTshirtCompany.com,marcus.williams,medium,33.7490,-84.3880,Atlanta,US,IT,workstation,,true,true,true,true
10.20.30.29,10:60:4B:F2:74:4D,ATL-WS-LBROWN01,atl-ws-lbrown01.theFakeTshirtCompany.com,latoya.brown,medium,33.7490,-84.3880,Atlanta,US,IT,workstation,,true,true,true,true
10.20.30.50,94:57:A5:62:95:29,ATL-WS-DHAYES01,atl-ws-dhayes01.theFakeTshirtCompany.com,darren.hayes,medium,33.7490,-84.3880,Atlanta,US,Engineering,workstation,,true,true,true,true
10.20.30.51,E8:6A:64:B2:E0:67,ATL-WS-CPRICE01,atl-ws-cprice01.theFakeTshirtCompany.com,crystal.price,medium,33.7490,-84.3880,Atlanta,US,Engineering,workstation,,true,true,true,true
10.20.30.52,F8:BC:12:ED:05:BC,ATL-WS-JTHOMAS01,atl-ws-jthomas01.theFakeTshirtCompany.com,jamal.thomas,medium,33.7490,-84.3880,Atlanta,US,Engineering,workstation,,true,true,true,true
10.20.30.53,94:57:A5:2F:08:5E,ATL-WS-WMORRIS01,atl-ws-wmorris01.theFakeTshirtCompany.com,whitney.morris,medium,33.7490,-84.3880,Atlanta,US,Engineering,workstation,,true,true,true,true
10.20.30.54,94:57:A5:86:8E:21,ATL-WS-TJACKSON01,atl-ws-tjackson01.theFakeTshirtCompany.com,terrance.jackson,medium,33.7490,-84.3880,Atlanta,US,Engineering,workstation,,true,true,true,true
10.20.30.55,98:FA:9B:64:5E:53,ATL-WS-NHARRIS01,atl-ws-nharris01.theFakeTshirtCompany.com,nicole.harris,medium,33.7490,-84.3880,Atlanta,US,Engineering,workstation,,true,true,true,true
10.20.30.56,94:57:A5:58:42:66,ATL-WS-BROBINSON01,atl-ws-brobinson01.theFakeTshirtCompany.com,brandon.robinson,medium,33.7490,-84.3880,Atlanta,US,Engineering,workstation,,true,true,true,true
10.20.30.57,34:17:EB:DD:BE:C5,ATL-WS-JCARTER01,atl-ws-jcarter01.theFakeTshirtCompany.com,jasmine.carter,medium,33.7490,-84.3880,Atlanta,US,Engineering,workstation,,true,true,true,true
10.20.30.70,98:FA:9B:A0:AD:DF,ATL-WS-DJOHNSON01,atl-ws-djohnson01.theFakeTshirtCompany.com,dewayne.johnson,medium,33.7490,-84.3880,Atlanta,US,Sales,workstation,,true,true,true,true
10.20.30.71,10:60:4B:26:0A:5E,ATL-WS-PWOODS01,atl-ws-pwoods01.theFakeTshirtCompany.com,patricia.woods,medium,33.7490,-84.3880,Atlanta,US,Sales,workstation,,true,true,true,true
10.20.30.72,00:50:B6:CC:09:F9,ATL-WS-RALLEN01,atl-ws-rallen01.theFakeTshirtCompany.com,rodney.allen,medium,33.7490,-84.3880,Atlanta,US,Sales,workstation,,true,true,true,true
10.20.30.73,10:60:4B:E5:D6:7B,ATL-WS-TBROOKS01,atl-ws-tbrooks01.theFakeTshirtCompany.com,tanisha.brooks,medium,33.7490,-84.3880,Atlanta,US,Sales,workstation,,true,true,true,true
10.20.30.74,F8:BC:12:CC:1E:1B,ATL-WS-CMITCHELL01,atl-ws-cmitchell01.theFakeTshirtCompany.com,calvin.mitchell,medium,33.7490,-84.3880,Atlanta,US,Sales,workstation,,true,true,true,true
10.20.30.80,34:17:EB:9C:AB:B1,ATL-WS-KWASHINGTON01,atl-ws-kwashington01.theFakeTshirtCompany.com,keisha.washington,medium,33.7490,-84.3880,Atlanta,US,Marketing,workstation,,true,true,true,true
10.20.30.81,00:50:B6:37:3D:68,ATL-WS-ADAVIS01,atl-ws-adavis01.theFakeTshirtCompany.com,anthony.davis,medium,33.7490,-84.3880,Atlanta,US,Marketing,workstation,,true,true,true,true
10.20.30.82,34:17:EB:74:F4:A5,ATL-WS-DMOORE01,atl-ws-dmoore01.theFakeTshirtCompany.com,desiree.moore,medium,33.7490,-84.3880,Atlanta,US,Marketing,workstation,,true,true,true,true
10.20.30.83,E8:6A:64:67:37:2C,ATL-WS-CPARKER01,atl-ws-cparker01.theFakeTshirtCompany.com,corey.parker,medium,33.7490,-84.3880,Atlanta,US,Marketing,workstation,,true,true,true,true
10.20.30.84,00:14:22:D5:2B:71,ATL-WS-EJENKINS01,atl-ws-ejenkins01.theFakeTshirtCompany.com,ebony.jenkins,medium,33.7490,-84.3880,Atlanta,US,Marketing,workstation,,true,true,true,true
10.20.30.90,34:17:EB:53:8A:9B,ATL-WS-JTAYLOR01,atl-ws-jtaylor01.theFakeTshirtCompany.com,jacqueline.taylor,medium,33.7490,-84.3880,Atlanta,US,HR,workstation,,true,true,true,true
10.20.30.91,3C:D9:2B:94:4A:9B,ATL-WS-RHARRIS01,atl-ws-rharris01.theFakeTshirtCompany.com,reginald.harris,medium,33.7490,-84.3880,Atlanta,US,HR,workstation,,true,true,true,true
10.20.30.92,3C:D9:2B:C1:A5:97,ATL-WS-MWRIGHT01,atl-ws-mwright01.theFakeTshirtCompany.com,monique.wright,medium,33.7490,-84.3880,Atlanta,US,HR,workstation,,true,true,true,true
10.20.30.95,3C:D9:2B:3B:CB:57,ATL-WS-TALLEN01,atl-ws-tallen01.theFakeTshirtCompany.com,tyrone.allen,medium,33.7490,-84.3880,Atlanta,US,Operations,workstation,,true,true,true,true
10.20.30.96,F8:BC:12:B1:1B:C8,ATL-WS-SLEWIS01,atl-ws-slewis01.theFakeTshirtCompany.com,sandra.lewis,medium,33.7490,-84.3880,Atlanta,US,Operations,workstation,,true,true,true,true
10.20.30.97,3C:D9:2B:9A:37:33,ATL-WS-MJOHNSON02,atl-ws-mjohnson02.theFakeTshirtCompany.com,maurice.johnson,medium,33.7490,-84.3880,Atlanta,US,Operations,workstation,,true,true,true,true
10.20.30.98,3C:D9:2B:A9:AA:C8,ATL-WS-TWILLIAMS01,atl-ws-twilliams01.theFakeTshirtCompany.com,tanya.williams,medium,33.7490,-84.3880,Atlanta,US,Legal,workstation,,true,true,true,true
10.20.30.99,94:57:A5:50:5A:4B,ATL-WS-MGREEN01,atl-ws-mgreen01.theFakeTshirtCompany.com,marcus.green,medium,33.7490,-84.3880,Atlanta,US,Legal,workstation,,true,true,true,true
10.30.30.10,3C:D9:2B:70:BB:6B,AUS-WS-ZCOLLINS01,aus-ws-zcollins01.theFakeTshirtCompany.com,zoey.collins,medium,30.2672,-97.7431,Austin,US,Sales,workstation,,true,true,true,true
10.30.30.11,B8:AC:6F:F4:96:7E,AUS-WS-TCAMPBELL01,aus-ws-tcampbell01.theFakeTshirtCompany.com,taylor.campbell,critical,30.2672,-97.7431,Austin,US,Sales,workstation,,true,true,true,true
10.30.30.12,34:17:EB:2E:B2:2F,AUS-WS-ZYOUNG01,aus-ws-zyoung01.theFakeTshirtCompany.com,zoey.young,medium,30.2672,-97.7431,Austin,US,Sales,workstation,,true,true,true,true
10.30.30.13,00:14:22:36:C7:95,AUS-WS-AMILLER02,aus-ws-amiller02.theFakeTshirtCompany.com,austin.miller,medium,30.2672,-97.7431,Austin,US,Sales,workstation,,true,true,true,true
10.30.30.14,98:FA:9B:F9:20:D1,AUS-WS-DSMITH01,aus-ws-dsmith01.theFakeTshirtCompany.com,dallas.smith,medium,30.2672,-97.7431,Austin,US,Sales,workstation,,true,true,true,true
10.30.30.15,E8:6A:64:5C:1B:13,AUS-WS-HJONES01,aus-ws-hjones01.theFakeTshirtCompany.com,houston.jones,medium,30.2672,-97.7431,Austin,US,Sales,workstation,,true,true,true,true
10.30.30.16,98:FA:9B:CB:24:84,AUS-WS-SMARTINEZ01,aus-ws-smartinez01.theFakeTshirtCompany.com,sierra.martinez,medium,30.2672,-97.7431,Austin,US,Sales,workstation,,true,true,true,true
10.30.30.17,10:60:4B:E9:CD:E5,AUS-WS-WANDERSON01,aus-ws-wanderson01.theFakeTshirtCompany.com,wyatt.anderson,medium,30.2672,-97.7431,Austin,US,Sales,workstation,,true,true,true,true
10.30.30.18,98:FA:9B:80:B0:D4,AUS-WS-STHOMAS01,aus-ws-sthomas01.theFakeTshirtCompany.com,savannah.thomas,medium,30.2672,-97.7431,Austin,US,Sales,workstation,,true,true,true,true
10.30.30.19,B8:AC:6F:1E:E6:AF,AUS-WS-HJACKSON01,aus-ws-hjackson01.theFakeTshirtCompany.com,hunter.jackson,medium,30.2672,-97.7431,Austin,US,Sales,workstation,,true,true,true,true
10.30.30.20,34:17:EB:CC:53:83,AUS-WS-BWHITE01,aus-ws-bwhite01.theFakeTshirtCompany.com,brooklyn.white,medium,30.2672,-97.7431,Austin,US,Sales,workstation,,true,true,true,true
10.30.30.21,F8:BC:12:89:95:D2,AUS-WS-DHARRIS01,aus-ws-dharris01.theFakeTshirtCompany.com,dakota.harris,medium,30.2672,-97.7431,Austin,US,Sales,workstation,,true,true,true,true
10.30.30.22,00:50:B6:96:09:68,AUS-WS-PMARTIN01,aus-ws-pmartin01.theFakeTshirtCompany.com,phoenix.martin,medium,30.2672,-97.7431,Austin,US,Sales,workstation,,true,true,true,true
10.30.30.23,98:FA:9B:FA:FF:8E,AUS-WS-RGARCIA01,aus-ws-rgarcia01.theFakeTshirtCompany.com,river.garcia,medium,30.2672,-97.7431,Austin,US,Sales,workstation,,true,true,true,true
10.30.30.24,B8:AC:6F:B0:77:F4,AUS-WS-JWILSON01,aus-ws-jwilson01.theFakeTshirtCompany.com,jordan.wilson,medium,30.2672,-97.7431,Austin,US,Sales,workstation,,true,true,true,true
10.30.30.40,3C:D9:2B:A9:5D:54,AUS-WS-ACOLLINS01,aus-ws-acollins01.theFakeTshirtCompany.com,amelia.collins,medium,30.2672,-97.7431,Austin,US,Engineering,workstation,,true,true,true,true
10.30.30.41,00:14:22:6E:DC:50,AUS-WS-JMOORE01,aus-ws-jmoore01.theFakeTshirtCompany.com,jackson.moore,medium,30.2672,-97.7431,Austin,US,Engineering,workstation,,true,true,true,true
10.30.30.42,34:17:EB:E2:9C:09,AUS-WS-LTAYLOR01,aus-ws-ltaylor01.theFakeTshirtCompany.com,logan.taylor,medium,30.2672,-97.7431,Austin,US,Engineering,workstation,,true,true,true,true
10.30.30.43,F8:BC:12:6D:36:FE,AUS-WS-AJOHNSON01,aus-ws-ajohnson01.theFakeTshirtCompany.com,aiden.johnson,medium,30.2672,-97.7431,Austin,US,Engineering,workstation,,true,true,true,true
10.30.30.44,3C:D9:2B:2C:9B:C9,AUS-WS-LBROWN02,aus-ws-lbrown02.theFakeTshirtCompany.com,lucas.brown,medium,30.2672,-97.7431,Austin,US,Engineering,workstation,,true,true,true,true
10.30.30.45,E8:6A:64:C8:3E:B8,AUS-WS-ODAVIS01,aus-ws-odavis01.theFakeTshirtCompany.com,oliver.davis,medium,30.2672,-97.7431,Austin,US,Engineering,workstation,,true,true,true,true
10.30.30.46,10:60:4B:00:D5:FF,AUS-WS-EMILLER01,aus-ws-emiller01.theFakeTshirtCompany.com,elijah.miller,medium,30.2672,-97.7431,Austin,US,Engineering,workstation,,true,true,true,true
10.30.30.47,E8:6A:64:9F:3C:86,AUS-WS-LWILSON01,aus-ws-lwilson01.theFakeTshirtCompany.com,liam.wilson,medium,30.2672,-97.7431,Austin,US,Engineering,workstation,,true,true,true,true
10.30.30.48,10:60:4B:A6:2D:FF,AUS-WS-EMARTINEZ02,aus-ws-emartinez02.theFakeTshirtCompany.com,ethan.martinez,medium,30.2672,-97.7431,Austin,US,Engineering,workstation,,true,true,true,true
10.30.30.49,00:50:B6:D3:80:37,AUS-WS-SLEE01,aus-ws-slee01.theFakeTshirtCompany.com,sebastian.lee,medium,30.2672,-97.7431,Austin,US,Engineering,workstation,,true,true,true,true
10.30.30.50,00:50:B6:77:04:78,AUS-WS-BGARCIA01,aus-ws-bgarcia01.theFakeTshirtCompany.com,benjamin.garcia,medium,30.2672,-97.7431,Austin,US,Engineering,workstation,,true,true,true,true
10.30.30.51,94:57:A5:59:63:FE,AUS-WS-WRODRIGUEZ01,aus-ws-wrodriguez01.theFakeTshirtCompany.com,william.rodriguez,medium,30.2672,-97.7431,Austin,US,Engineering,workstation,,true,true,true,true
10.30.30.60,00:50:B6:A4:89:00,AUS-WS-ETHOMPSON01,aus-ws-ethompson01.theFakeTshirtCompany.com,emma.thompson,medium,30.2672,-97.7431,Austin,US,Marketing,workstation,,true,true,true,true
10.30.30.61,00:50:B6:10:52:B7,AUS-WS-AHERNANDEZ01,aus-ws-ahernandez01.theFakeTshirtCompany.com,ava.hernandez,medium,30.2672,-97.7431,Austin,US,Marketing,workstation,,true,true,true,true
10.30.30.62,94:57:A5:5D:2E:6B,AUS-WS-MLOPEZ01,aus-ws-mlopez01.theFakeTshirtCompany.com,mia.lopez,medium,30.2672,-97.7431,Austin,US,Marketing,workstation,,true,true,true,true
10.30.30.63,94:57:A5:81:C4:A4,AUS-WS-IGONZALEZ01,aus-ws-igonzalez01.theFakeTshirtCompany.com,isabella.gonzalez,medium,30.2672,-97.7431,Austin,US,Marketing,workstation,,true,true,true,true
10.30.30.64,94:57:A5:02:9A:C7,AUS-WS-SPEREZ01,aus-ws-sperez01.theFakeTshirtCompany.com,sophia.perez,medium,30.2672,-97.7431,Austin,US,Marketing,workstation,,true,true,true,true
10.30.30.70,F8:BC:12:D3:24:AB,AUS-WS-RNGUYEN01,aus-ws-rnguyen01.theFakeTshirtCompany.com,riley.nguyen,medium,30.2672,-97.7431,Austin,US,HR,workstation,,true,true,true,true
10.30.30.71,98:FA:9B:28:CD:74,AUS-WS-AKIM01,aus-ws-akim01.theFakeTshirtCompany.com,avery.kim,medium,30.2672,-97.7431,Austin,US,HR,workstation,,true,true,true,true
10.30.30.75,34:17:EB:73:8F:B7,AUS-WS-CPATEL01,aus-ws-cpatel01.theFakeTshirtCompany.com,cameron.patel,medium,30.2672,-97.7431,Austin,US,Operations,workstation,,true,true,true,true
10.30.30.76,94:57:A5:CE:85:A2,AUS-WS-MSHAH01,aus-ws-mshah01.theFakeTshirtCompany.com,morgan.shah,medium,30.2672,-97.7431,Austin,US,Operations,workstation,,true,true,true,true
10.30.30.80,10:60:4B:88:B3:51,AUS-WS-CTRAN01,aus-ws-ctran01.theFakeTshirtCompany.com,casey.tran,medium,30.2672,-97.7431,Austin,US,IT,workstation,,true,true,true,true
10.30.30.81,E8:6A:64:9C:FC:BB,AUS-WS-APHAM01,aus-ws-apham01.theFakeTshirtCompany.com,alex.pham,medium,30.2672,-97.7431,Austin,US,IT,workstation,,true,true,true,true
10.30.30.85,94:57:A5:D2:FC:40,AUS-WS-TWONG01,aus-ws-twong01.theFakeTshirtCompany.com,taylor.wong,medium,30.2672,-97.7431,Austin,US,Finance,workstation,,true,true,true,true
172.16.1.10,48:51:B7:32:21:58,WEB-01,web-01.theFakeTshirtCompany.com,IT,critical,42.3601,-71.0589,Boston,US,IT,server,,true,true,true,false
172.16.1.11,80:86:F2:79:9D:84,WEB-02,web-02.theFakeTshirtCompany.com,IT,critical,42.3601,-71.0589,Boston,US,IT,server,,true,true,true,false
