identity,prefix,nick,first,last,suffix,email,phone,managedBy,priority,bunit,category,watchlist,startDate,endDate,work_city,work_country,work_lat,work_long
adam.powell,,adam.powell,Adam,Powell,,adam.powell@theFakeTshirtCompany.com,,nicholas.lewis,medium,Engineering,normal,false,,,Boston,US,42.3601,-71.0589
aiden.johnson,,aiden.johnson,Aiden,Johnson,,aiden.johnson@theFakeTshirtCompany.com,,amelia.collins,medium,Engineering,normal,false,,,Austin,US,30.2672,-97.7431
alex.miller,,alex.miller,Alex,Miller,,alex.miller@theFakeTshirtCompany.com,,robert.wilson,medium,Finance,normal,true,,,Boston,US,42.3601,-71.0589
alex.pham,,alex.pham,Alex,Pham,,alex.pham@theFakeTshirtCompany.com,,casey.tran,medium,IT,normal,false,,,Austin,US,30.2672,-97.7431
alexander.king,,alexander.king,Alexander,King,,alexander.king@theFakeTshirtCompany.com,,robert.wilson,medium,Finance,normal,false,,,Boston,US,42.3601,-71.0589
amanda.blake,,amanda.blake,Amanda,Blake,,amanda.blake@theFakeTshirtCompany.com,,matthew.hall,medium,Sales,normal,false,,,Boston,US,42.3601,-71.0589
amelia.collins,,amelia.collins,Amelia,Collins,,amelia.collins@theFakeTshirtCompany.com,,richard.chen,medium,Engineering,normal,false,,,Austin,US,30.2672,-97.7431
amelia.phillips,,amelia.phillips,Amelia,Phillips,,amelia.phillips@theFakeTshirtCompany.com,,nicholas.lewis,medium,Engineering,normal,false,,,Boston,US,42.3601,-71.0589
amelia.wright,,amelia.wright,Amelia,Wright,,amelia.wright@theFakeTshirtCompany.com,,robert.wilson,medium,Finance,normal,false,,,Boston,US,42.3601,-71.0589
andrew.ross,,andrew.ross,Andrew,Ross,,andrew.ross@theFakeTshirtCompany.com,,nicholas.lewis,medium,Engineering,normal,false,,,Boston,US,42.3601,-71.0589
angela.james,,angela.james,Angela,James,,angela.james@theFakeTshirtCompany.com,,jessica.brown,medium,IT,normal,false,,,Atlanta,US,33.7490,-84.3880
anthony.davis,,anthony.davis,Anthony,Davis,,anthony.davis@theFakeTshirtCompany.com,,rachel.cole,medium,Marketing,normal,false,,,Atlanta,US,33.7490,-84.3880
aria.ramirez,,aria.ramirez,Aria,Ramirez,,aria.ramirez@theFakeTshirtCompany.com,,jennifer.davis,critical,HR,normal,false,,,Boston,US,42.3601,-71.0589
ashley.griffin,,ashley.griffin,Ashley,Griffin,,ashley.griffin@theFakeTshirtCompany.com,,nicholas.lewis,medium,Engineering,normal,false,,,Boston,US,42.3601,-71.0589
austin.miller,,austin.miller,Austin,Miller,,austin.miller@theFakeTshirtCompany.com,,zoey.collins,medium,Sales,normal,false,,,Austin,US,30.2672,-97.7431
ava.bell,,ava.bell,Ava,Bell,,ava.bell@theFakeTshirtCompany.com,,matthew.hall,medium,Sales,normal,false,,,Boston,US,42.3601,-71.0589
ava.hernandez,,ava.hernandez,Ava,Hernandez,,ava.hernandez@theFakeTshirtCompany.com,,emma.thompson,medium,Marketing,normal,false,,,Austin,US,30.2672,-97.7431
avery.kim,,avery.kim,Avery,Kim,,avery.kim@theFakeTshirtCompany.com,,riley.nguyen,medium,HR,normal,false,,,Austin,US,30.2672,-97.7431
benjamin.clark,,benjamin.clark,Benjamin,Clark,,benjamin.clark@theFakeTshirtCompany.com,,robert.wilson,medium,Finance,normal,false,,,Boston,US,42.3601,-71.0589
benjamin.garcia,,benjamin.garcia,Benjamin,Garcia,,benjamin.garcia@theFakeTshirtCompany.com,,amelia.collins,medium,Engineering,normal,false,,,Austin,US,30.2672,-97.7431
brandon.robinson,,brandon.robinson,Brandon,Robinson,,brandon.robinson@theFakeTshirtCompany.com,,darren.hayes,medium,Engineering,normal,false,,,Atlanta,US,33.7490,-84.3880
brandon.turner,,brandon.turner,Brandon,Turner,,brandon.turner@theFakeTshirtCompany.com,,nicholas.lewis,medium,Engineering,normal,false,,,Boston,US,42.3601,-71.0589
brian.reed,,brian.reed,Brian,Reed,,brian.reed@theFakeTshirtCompany.com,,marcus.rivera,medium,IT,normal,false,,,Boston,US,42.3601,-71.0589
brooklyn.white,,brooklyn.white,Brooklyn,White,,brooklyn.white@theFakeTshirtCompany.com,,zoey.collins,medium,Sales,normal,false,,,Austin,US,30.2672,-97.7431
calvin.mitchell,,calvin.mitchell,Calvin,Mitchell,,calvin.mitchell@theFakeTshirtCompany.com,,dewayne.johnson,medium,Sales,normal,false,,,Atlanta,US,33.7490,-84.3880
cameron.patel,,cameron.patel,Cameron,Patel,,cameron.patel@theFakeTshirtCompany.com,,frank.mitchell,medium,Operations,normal,false,,,Austin,US,30.2672,-97.7431
carlos.martinez,,carlos.martinez,Carlos,Martinez,,carlos.martinez@theFakeTshirtCompany.com,,jessica.brown,medium,IT,normal,false,,,Atlanta,US,33.7490,-84.3880
casey.tran,,casey.tran,Casey,Tran,,casey.tran@theFakeTshirtCompany.com,,jessica.brown,medium,IT,normal,false,,,Austin,US,30.2672,-97.7431
cedric.jones,,cedric.jones,Cedric,Jones,,cedric.jones@theFakeTshirtCompany.com,,vanessa.hill,medium,Finance,normal,false,,,Atlanta,US,33.7490,-84.3880
charles.nguyen,,charles.nguyen,Charles,Nguyen,,charles.nguyen@theFakeTshirtCompany.com,,nicholas.lewis,medium,Engineering,normal,false,,,Boston,US,42.3601,-71.0589
charlotte.young,,charlotte.young,Charlotte,Young,,charlotte.young@theFakeTshirtCompany.com,,robert.wilson,medium,Finance,normal,false,,,Boston,US,42.3601,-71.0589
chloe.hill,,chloe.hill,Chloe,Hill,,chloe.hill@theFakeTshirtCompany.com,,olivia.moore,medium,Marketing,normal,false,,,Boston,US,42.3601,-71.0589
chris.russell,,chris.russell,Chris,Russell,,chris.russell@theFakeTshirtCompany.com,,nicholas.lewis,medium,Engineering,normal,false,,,Boston,US,42.3601,-71.0589
christian.walker,,christian.walker,Christian,Walker,,christian.walker@theFakeTshirtCompany.com,,david.robinson,medium,IT,normal,false,,,Boston,US,42.3601,-71.0589
claire.roberts,,claire.roberts,Claire,Roberts,,claire.roberts@theFakeTshirtCompany.com,,john.smith,critical,Legal,normal,false,,,Boston,US,42.3601,-71.0589
claire.torres,,claire.torres,Claire,Torres,,claire.torres@theFakeTshirtCompany.com,,aria.ramirez,medium,HR,normal,false,,,Boston,US,42.3601,-71.0589
corey.parker,,corey.parker,Corey,Parker,,corey.parker@theFakeTshirtCompany.com,,rachel.cole,medium,Marketing,normal,false,,,Atlanta,US,33.7490,-84.3880
crystal.price,,crystal.price,Crystal,Price,,crystal.price@theFakeTshirtCompany.com,,darren.hayes,medium,Engineering,normal,false,,,Atlanta,US,33.7490,-84.3880
dakota.harris,,dakota.harris,Dakota,Harris,,dakota.harris@theFakeTshirtCompany.com,,zoey.collins,medium,Sales,normal,false,,,Austin,US,30.2672,-97.7431
dallas.smith,,dallas.smith,Dallas,Smith,,dallas.smith@theFakeTshirtCompany.com,,zoey.collins,medium,Sales,normal,false,,,Austin,US,30.2672,-97.7431
daniel.garcia,,daniel.garcia,Daniel,Garcia,,daniel.garcia@theFakeTshirtCompany.com,,robert.wilson,medium,Finance,normal,false,,,Boston,US,42.3601,-71.0589
darren.hayes,,darren.hayes,Darren,Hayes,,darren.hayes@theFakeTshirtCompany.com,,richard.chen,medium,Engineering,normal,false,,,Atlanta,US,33.7490,-84.3880
david.robinson,,david.robinson,David,Robinson,,david.robinson@theFakeTshirtCompany.com,,mike.johnson,critical,IT,normal,false,,,Boston,US,42.3601,-71.0589
derek.coleman,,derek.coleman,Derek,Coleman,,derek.coleman@theFakeTshirtCompany.com,,jessica.brown,medium,IT,normal,false,,,Atlanta,US,33.7490,-84.3880
derek.stone,,derek.stone,Derek,Stone,,derek.stone@theFakeTshirtCompany.com,,matthew.hall,medium,Sales,normal,false,,,Boston,US,42.3601,-71.0589
desiree.moore,,desiree.moore,Desiree,Moore,,desiree.moore@theFakeTshirtCompany.com,,rachel.cole,medium,Marketing,normal,false,,,Atlanta,US,33.7490,-84.3880
dewayne.johnson,,dewayne.johnson,DeWayne,Johnson,,dewayne.johnson@theFakeTshirtCompany.com,,margaret.taylor,medium,Sales,normal,false,,,Atlanta,US,33.7490,-84.3880
diana.hughes,,diana.hughes,Diana,Hughes,,diana.hughes@theFakeTshirtCompany.com,,claire.roberts,medium,Legal,normal,false,,,Boston,US,42.3601,-71.0589
dylan.evans,,dylan.evans,Dylan,Evans,,dylan.evans@theFakeTshirtCompany.com,,olivia.moore,medium,Marketing,normal,false,,,Boston,US,42.3601,-71.0589
diana.grant,,diana.grant,Diana,Grant,,diana.grant@theFakeTshirtCompany.com,,rachel.cole,medium,Marketing,normal,false,,,Atlanta,US,33.7490,-84.3880
elijah.miller,,elijah.miller,Elijah,Miller,,elijah.miller@theFakeTshirtCompany.com,,amelia.collins,medium,Engineering,normal,false,,,Austin,US,30.2672,-97.7431
ella.white,,ella.white,Ella,White,,ella.white@theFakeTshirtCompany.com,,robert.wilson,medium,Finance,normal,false,,,Boston,US,42.3601,-71.0589
emily.stewart,,emily.stewart,Emily,Stewart,,emily.stewart@theFakeTshirtCompany.com,,nicholas.lewis,medium,Engineering,normal,false,,,Boston,US,42.3601,-71.0589
emma.martinez,,emma.martinez,Emma,Martinez,,emma.martinez@theFakeTshirtCompany.com,,robert.wilson,medium,Finance,normal,false,,,Boston,US,42.3601,-71.0589
emma.thompson,,emma.thompson,Emma,Thompson,,emma.thompson@theFakeTshirtCompany.com,,olivia.moore,medium,Marketing,normal,false,,,Austin,US,30.2672,-97.7431
ethan.hall,,ethan.hall,Ethan,Hall,,ethan.hall@theFakeTshirtCompany.com,,robert.wilson,medium,Finance,normal,false,,,Boston,US,42.3601,-71.0589
ethan.martinez,,ethan.martinez,Ethan,Martinez,,ethan.martinez@theFakeTshirtCompany.com,,amelia.collins,medium,Engineering,normal,false,,,Austin,US,30.2672,-97.7431
frank.mitchell,,frank.mitchell,Frank,Mitchell,,frank.mitchell@theFakeTshirtCompany.com,,jennifer.davis,critical,Operations,normal,false,,,Boston,US,42.3601,-71.0589
gary.roberts,,gary.roberts,Gary,Roberts,,gary.roberts@theFakeTshirtCompany.com,,linda.perez,medium,Operations,normal,false,,,Boston,US,42.3601,-71.0589
grace.carter,,grace.carter,Grace,Carter,,grace.carter@theFakeTshirtCompany.com,,olivia.moore,medium,Marketing,normal,false,,,Boston,US,42.3601,-71.0589
grace.cox,,grace.cox,Grace,Cox,,grace.cox@theFakeTshirtCompany.com,,claire.roberts,medium,Legal,normal,false,,,Boston,US,42.3601,-71.0589
hannah.sanders,,hannah.sanders,Hannah,Sanders,,hannah.sanders@theFakeTshirtCompany.com,,nicholas.lewis,medium,Engineering,normal,false,,,Boston,US,42.3601,-71.0589
harper.murphy,,harper.murphy,Harper,Murphy,,harper.murphy@theFakeTshirtCompany.com,,matthew.hall,medium,Sales,normal,false,,,Boston,US,42.3601,-71.0589
hazel.brown,,hazel.brown,Hazel,Brown,,hazel.brown@theFakeTshirtCompany.com,,olivia.moore,medium,Marketing,normal,false,,,Boston,US,42.3601,-71.0589
henry.scott,,henry.scott,Henry,Scott,,henry.scott@theFakeTshirtCompany.com,,robert.wilson,medium,Finance,normal,false,,,Boston,US,42.3601,-71.0589
houston.jones,,houston.jones,Houston,Jones,,houston.jones@theFakeTshirtCompany.com,,zoey.collins,medium,Sales,normal,false,,,Austin,US,30.2672,-97.7431
hunter.jackson,,hunter.jackson,Hunter,Jackson,,hunter.jackson@theFakeTshirtCompany.com,,zoey.collins,medium,Sales,normal,false,,,Austin,US,30.2672,-97.7431
isabella.gonzalez,,isabella.gonzalez,Isabella,Gonzalez,,isabella.gonzalez@theFakeTshirtCompany.com,,emma.thompson,medium,Marketing,normal,false,,,Austin,US,30.2672,-97.7431
isabella.rodriguez,,isabella.rodriguez,Isabella,Rodriguez,,isabella.rodriguez@theFakeTshirtCompany.com,,robert.wilson,medium,Finance,normal,false,,,Boston,US,42.3601,-71.0589
jackson.moore,,jackson.moore,Jackson,Moore,,jackson.moore@theFakeTshirtCompany.com,,amelia.collins,medium,Engineering,normal,false,,,Austin,US,30.2672,-97.7431
jacqueline.taylor,,jacqueline.taylor,Jacqueline,Taylor,,jacqueline.taylor@theFakeTshirtCompany.com,,aria.ramirez,medium,HR,normal,false,,,Atlanta,US,33.7490,-84.3880
jamal.thomas,,jamal.thomas,Jamal,Thomas,,jamal.thomas@theFakeTshirtCompany.com,,darren.hayes,medium,Engineering,normal,false,,,Atlanta,US,33.7490,-84.3880
james.anderson,,james.anderson,James,Anderson,,james.anderson@theFakeTshirtCompany.com,,robert.wilson,medium,Finance,normal,false,,,Boston,US,42.3601,-71.0589
jasmine.carter,,jasmine.carter,Jasmine,Carter,,jasmine.carter@theFakeTshirtCompany.com,,darren.hayes,medium,Engineering,normal,false,,,Atlanta,US,33.7490,-84.3880
jennifer.cooper,,jennifer.cooper,Jennifer,Cooper,,jennifer.cooper@theFakeTshirtCompany.com,,marcus.rivera,medium,IT,normal,false,,,Boston,US,42.3601,-71.0589
jennifer.davis,,jennifer.davis,Jennifer,Davis,,jennifer.davis@theFakeTshirtCompany.com,,john.smith,critical,Executive,normal,false,,,Boston,US,42.3601,-71.0589
jerome.washington,,jerome.washington,Jerome,Washington,,jerome.washington@theFakeTshirtCompany.com,,jessica.brown,medium,IT,normal,false,,,Atlanta,US,33.7490,-84.3880
jessica.brown,,jessica.brown,Jessica,Brown,,jessica.brown@theFakeTshirtCompany.com,,david.robinson,high,IT,privileged,false,,,Atlanta,US,33.7490,-84.3880
jessica.long,,jessica.long,Jessica,Long,,jessica.long@theFakeTshirtCompany.com,,nicholas.lewis,medium,Engineering,normal,false,,,Boston,US,42.3601,-71.0589
john.smith,,john.smith,John,Smith,,john.smith@theFakeTshirtCompany.com,,,critical,Executive,normal,false,,,Boston,US,42.3601,-71.0589
jordan.wilson,,jordan.wilson,Jordan,Wilson,,jordan.wilson@theFakeTshirtCompany.com,,zoey.collins,medium,Sales,normal,false,,,Austin,US,30.2672,-97.7431
joseph.anderson,,joseph.anderson,Joseph,Anderson,,joseph.anderson@theFakeTshirtCompany.com,,nicholas.lewis,medium,Engineering,normal,false,,,Boston,US,42.3601,-71.0589
justin.howard,,justin.howard,Justin,Howard,,justin.howard@theFakeTshirtCompany.com,,nicholas.lewis,medium,Engineering,normal,false,,,Boston,US,42.3601,-71.0589
rachel.cole,,rachel.cole,Rachel,Cole,,rachel.cole@theFakeTshirtCompany.com,,olivia.moore,medium,Marketing,normal,false,,,Atlanta,US,33.7490,-84.3880
keith.butler,,keith.butler,Keith,Butler,,keith.butler@theFakeTshirtCompany.com,,jessica.brown,medium,IT,normal,false,,,Atlanta,US,33.7490,-84.3880
kevin.murphy,,kevin.murphy,Kevin,Murphy,,kevin.murphy@theFakeTshirtCompany.com,,nicholas.lewis,medium,Engineering,normal,false,,,Boston,US,42.3601,-71.0589
nina.patel,,nina.patel,Nina,Patel,,nina.patel@theFakeTshirtCompany.com,,jessica.brown,medium,IT,normal,false,,,Atlanta,US,33.7490,-84.3880
laura.bell,,laura.bell,Laura,Bell,,laura.bell@theFakeTshirtCompany.com,,olivia.moore,medium,Marketing,normal,false,,,Boston,US,42.3601,-71.0589
liam.wilson,,liam.wilson,Liam,Wilson,,liam.wilson@theFakeTshirtCompany.com,,amelia.collins,medium,Engineering,normal,false,,,Austin,US,30.2672,-97.7431
lily.foster,,lily.foster,Lily,Foster,,lily.foster@theFakeTshirtCompany.com,,olivia.moore,medium,Marketing,normal,false,,,Boston,US,42.3601,-71.0589
linda.perez,,linda.perez,Linda,Perez,,linda.perez@theFakeTshirtCompany.com,,frank.mitchell,medium,Operations,normal,false,,,Boston,US,42.3601,-71.0589
logan.price,,logan.price,Logan,Price,,logan.price@theFakeTshirtCompany.com,,aria.ramirez,medium,HR,normal,false,,,Boston,US,42.3601,-71.0589
logan.taylor,,logan.taylor,Logan,Taylor,,logan.taylor@theFakeTshirtCompany.com,,amelia.collins,medium,Engineering,normal,false,,,Austin,US,30.2672,-97.7431
lucas.brown,,lucas.brown,Lucas,Brown,,lucas.brown@theFakeTshirtCompany.com,,amelia.collins,medium,Engineering,normal,false,,,Austin,US,30.2672,-97.7431
lucy.rogers,,lucy.rogers,Lucy,Rogers,,lucy.rogers@theFakeTshirtCompany.com,,robert.wilson,medium,Finance,normal,false,,,Boston,US,42.3601,-71.0589
madison.quinn,,madison.quinn,Madison,Quinn,,madison.quinn@theFakeTshirtCompany.com,,aria.ramirez,medium,HR,normal,false,,,Boston,US,42.3601,-71.0589
marcus.green,,marcus.green,Marcus,Green,,marcus.green@theFakeTshirtCompany.com,,tanya.williams,medium,Legal,normal,false,,,Atlanta,US,33.7490,-84.3880
marcus.rivera,,marcus.rivera,Marcus,Rivera,,marcus.rivera@theFakeTshirtCompany.com,,christian.walker,medium,IT,normal,false,,,Boston,US,42.3601,-71.0589
marcus.williams,,marcus.williams,Marcus,Williams,,marcus.williams@theFakeTshirtCompany.com,,jessica.brown,medium,IT,normal,false,,,Atlanta,US,33.7490,-84.3880
margaret.taylor,,margaret.taylor,Margaret,Taylor,,margaret.taylor@theFakeTshirtCompany.com,,john.smith,critical,Executive,normal,false,,,Boston,US,42.3601,-71.0589
mason.lee,,mason.lee,Mason,Lee,,mason.lee@theFakeTshirtCompany.com,,robert.wilson,medium,Finance,normal,false,,,Boston,US,42.3601,-71.0589
matthew.hall,,matthew.hall,Matthew,Hall,,matthew.hall@theFakeTshirtCompany.com,,margaret.taylor,critical,Sales,normal,false,,,Boston,US,42.3601,-71.0589
matthew.wood,,matthew.wood,Matthew,Wood,,matthew.wood@theFakeTshirtCompany.com,,nicholas.lewis,medium,Engineering,normal,false,,,Boston,US,42.3601,-71.0589
maurice.johnson,,maurice.johnson,Maurice,Johnson,,maurice.johnson@theFakeTshirtCompany.com,,tyrone.allen,medium,Operations,normal,false,,,Atlanta,US,33.7490,-84.3880
melissa.grant,,melissa.grant,Melissa,Grant,,melissa.grant@theFakeTshirtCompany.com,,matthew.hall,medium,Sales,normal,false,,,Boston,US,42.3601,-71.0589
mia.lopez,,mia.lopez,Mia,Lopez,,mia.lopez@theFakeTshirtCompany.com,,emma.thompson,medium,Marketing,normal,false,,,Austin,US,30.2672,-97.7431
mia.walker,,mia.walker,Mia,Walker,,mia.walker@theFakeTshirtCompany.com,,robert.wilson,medium,Finance,normal,false,,,Boston,US,42.3601,-71.0589
michael.lewis,,michael.lewis,Michael,Lewis,,michael.lewis@theFakeTshirtCompany.com,,robert.wilson,medium,Finance,normal,false,,,Boston,US,42.3601,-71.0589
michelle.ward,,michelle.ward,Michelle,Ward,,michelle.ward@theFakeTshirtCompany.com,,jessica.brown,medium,IT,normal,false,,,Atlanta,US,33.7490,-84.3880
mike.johnson,,mike.johnson,Mike,Johnson,,mike.johnson@theFakeTshirtCompany.com,,john.smith,critical,Executive,privileged,false,,,Boston,US,42.3601,-71.0589
monica.foster,,monica.foster,Monica,Foster,,monica.foster@theFakeTshirtCompany.com,,claire.roberts,medium,Legal,normal,false,,,Boston,US,42.3601,-71.0589
monique.wright,,monique.wright,Monique,Wright,,monique.wright@theFakeTshirtCompany.com,,jacqueline.taylor,medium,HR,normal,false,,,Atlanta,US,33.7490,-84.3880
morgan.shah,,morgan.shah,Morgan,Shah,,morgan.shah@theFakeTshirtCompany.com,,cameron.patel,medium,Operations,normal,false,,,Austin,US,30.2672,-97.7431
nathan.baker,,nathan.baker,Nathan,Baker,,nathan.baker@theFakeTshirtCompany.com,,olivia.moore,medium,Marketing,normal,false,,,Boston,US,42.3601,-71.0589
nathan.hall,,nathan.hall,Nathan,Hall,,nathan.hall@theFakeTshirtCompany.com,,nicholas.lewis,medium,Engineering,normal,false,,,Boston,US,42.3601,-71.0589
nicholas.kelly,,nicholas.kelly,Nicholas,Kelly,,nicholas.kelly@theFakeTshirtCompany.com,,jessica.brown,medium,IT,normal,false,,,Atlanta,US,33.7490,-84.3880
nicholas.lewis,,nicholas.lewis,Nicholas,Lewis,,nicholas.lewis@theFakeTshirtCompany.com,,richard.chen,medium,Engineering,normal,false,,,Boston,US,42.3601,-71.0589
nicole.harris,,nicole.harris,Nicole,Harris,,nicole.harris@theFakeTshirtCompany.com,,darren.hayes,medium,Engineering,normal,false,,,Atlanta,US,33.7490,-84.3880
nicole.simmons,,nicole.simmons,Nicole,Simmons,,nicole.simmons@theFakeTshirtCompany.com,,david.robinson,medium,IT,normal,false,,,Boston,US,42.3601,-71.0589
noah.kelly,,noah.kelly,Noah,Kelly,,noah.kelly@theFakeTshirtCompany.com,,nicholas.lewis,medium,Engineering,normal,false,,,Boston,US,42.3601,-71.0589
noah.reed,,noah.reed,Noah,Reed,,noah.reed@theFakeTshirtCompany.com,,matthew.hall,medium,Sales,normal,false,,,Boston,US,42.3601,-71.0589
oliver.davis,,oliver.davis,Oliver,Davis,,oliver.davis@theFakeTshirtCompany.com,,amelia.collins,medium,Engineering,normal,false,,,Austin,US,30.2672,-97.7431
olivia.moore,,olivia.moore,Olivia,Moore,,olivia.moore@theFakeTshirtCompany.com,,jennifer.davis,critical,Marketing,normal,false,,,Boston,US,42.3601,-71.0589
olivia.thomas,,olivia.thomas,Olivia,Thomas,,olivia.thomas@theFakeTshirtCompany.com,,robert.wilson,medium,Finance,normal,false,,,Boston,US,42.3601,-71.0589
patricia.woods,,patricia.woods,Patricia,Woods,,patricia.woods@theFakeTshirtCompany.com,,dewayne.johnson,medium,Sales,normal,false,,,Atlanta,US,33.7490,-84.3880
patrick.gonzalez,,patrick.gonzalez,Patrick,Gonzalez,,patrick.gonzalez@theFakeTshirtCompany.com,,christian.walker,medium,IT,normal,false,,,Boston,US,42.3601,-71.0589
peter.bryant,,peter.bryant,Peter,Bryant,,peter.bryant@theFakeTshirtCompany.com,,claire.roberts,medium,Legal,normal,false,,,Boston,US,42.3601,-71.0589
phoenix.martin,,phoenix.martin,Phoenix,Martin,,phoenix.martin@theFakeTshirtCompany.com,,zoey.collins,medium,Sales,normal,false,,,Austin,US,30.2672,-97.7431
rachel.perry,,rachel.perry,Rachel,Perry,,rachel.perry@theFakeTshirtCompany.com,,nicholas.lewis,medium,Engineering,normal,false,,,Boston,US,42.3601,-71.0589
raymond.cook,,raymond.cook,Raymond,Cook,,raymond.cook@theFakeTshirtCompany.com,,linda.perez,medium,Operations,normal,false,,,Boston,US,42.3601,-71.0589
reginald.harris,,reginald.harris,Reginald,Harris,,reginald.harris@theFakeTshirtCompany.com,,jacqueline.taylor,medium,HR,normal,false,,,Atlanta,US,33.7490,-84.3880
richard.chen,,richard.chen,Richard,Chen,,richard.chen@theFakeTshirtCompany.com,,mike.johnson,critical,Executive,normal,false,,,Boston,US,42.3601,-71.0589
riley.nguyen,,riley.nguyen,Riley,Nguyen,,riley.nguyen@theFakeTshirtCompany.com,,aria.ramirez,medium,HR,normal,false,,,Austin,US,30.2672,-97.7431
river.garcia,,river.garcia,River,Garcia,,river.garcia@theFakeTshirtCompany.com,,zoey.collins,medium,Sales,normal,false,,,Austin,US,30.2672,-97.7431
robert.wilson,,robert.wilson,Robert,Wilson,,robert.wilson@theFakeTshirtCompany.com,,sarah.wilson,critical,Finance,normal,false,,,Boston,US,42.3601,-71.0589
rodney.allen,,rodney.allen,Rodney,Allen,,rodney.allen@theFakeTshirtCompany.com,,dewayne.johnson,medium,Sales,normal,false,,,Atlanta,US,33.7490,-84.3880
ryan.green,,ryan.green,Ryan,Green,,ryan.green@theFakeTshirtCompany.com,,olivia.moore,medium,Marketing,normal,false,,,Boston,US,42.3601,-71.0589
samantha.edwards,,samantha.edwards,Samantha,Edwards,,samantha.edwards@theFakeTshirtCompany.com,,nicholas.lewis,medium,Engineering,normal,false,,,Boston,US,42.3601,-71.0589
samuel.wright,,samuel.wright,Samuel,Wright,,samuel.wright@theFakeTshirtCompany.com,,jessica.brown,medium,IT,normal,false,,,Atlanta,US,33.7490,-84.3880
sandra.lewis,,sandra.lewis,Sandra,Lewis,,sandra.lewis@theFakeTshirtCompany.com,,tyrone.allen,medium,Operations,normal,false,,,Atlanta,US,33.7490,-84.3880
sarah.morris,,sarah.morris,Sarah,Morris,,sarah.morris@theFakeTshirtCompany.com,,aria.ramirez,medium,HR,normal,false,,,Boston,US,42.3601,-71.0589
sarah.wilson,,sarah.wilson,Sarah,Wilson,,sarah.wilson@theFakeTshirtCompany.com,,john.smith,critical,Executive,privileged,false,,,Boston,US,42.3601,-71.0589
savannah.thomas,,savannah.thomas,Savannah,Thomas,,savannah.thomas@theFakeTshirtCompany.com,,zoey.collins,medium,Sales,normal,false,,,Austin,US,30.2672,-97.7431
scarlett.nelson,,scarlett.nelson,Scarlett,Nelson,,scarlett.nelson@theFakeTshirtCompany.com,,olivia.moore,medium,Marketing,normal,false,,,Boston,US,42.3601,-71.0589
scarlett.peterson,,scarlett.peterson,Scarlett,Peterson,,scarlett.peterson@theFakeTshirtCompany.com,,claire.roberts,medium,Legal,normal,false,,,Boston,US,42.3601,-71.0589
scott.morgan,,scott.morgan,Scott,Morgan,,scott.morgan@theFakeTshirtCompany.com,,matthew.hall,medium,Sales,normal,false,,,Boston,US,42.3601,-71.0589
sebastian.lee,,sebastian.lee,Sebastian,Lee,,sebastian.lee@theFakeTshirtCompany.com,,amelia.collins,medium,Engineering,normal,false,,,Austin,US,30.2672,-97.7431
sierra.martinez,,sierra.martinez,Sierra,Martinez,,sierra.martinez@theFakeTshirtCompany.com,,zoey.collins,medium,Sales,normal,false,,,Austin,US,30.2672,-97.7431
skylar.johnson,,skylar.johnson,Skylar,Johnson,,skylar.johnson@theFakeTshirtCompany.com,,olivia.moore,medium,Marketing,normal,false,,,Boston,US,42.3601,-71.0589
sophia.harris,,sophia.harris,Sophia,Harris,,sophia.harris@theFakeTshirtCompany.com,,robert.wilson,medium,Finance,normal,false,,,Boston,US,42.3601,-71.0589
sophia.perez,,sophia.perez,Sophia,Perez,,sophia.perez@theFakeTshirtCompany.com,,emma.thompson,medium,Marketing,normal,false,,,Austin,US,30.2672,-97.7431
stephanie.barnes,,stephanie.barnes,Stephanie,Barnes,,stephanie.barnes@theFakeTshirtCompany.com,,christian.walker,medium,IT,normal,false,,,Boston,US,42.3601,-71.0589
steve.jackson,,steve.jackson,Steve,Jackson,,steve.jackson@theFakeTshirtCompany.com,,jessica.brown,medium,IT,normal,false,,,Atlanta,US,33.7490,-84.3880
tanisha.brooks,,tanisha.brooks,Tanisha,Brooks,,tanisha.brooks@theFakeTshirtCompany.com,,dewayne.johnson,medium,Sales,normal,false,,,Atlanta,US,33.7490,-84.3880
tanya.williams,,tanya.williams,Tanya,Williams,,tanya.williams@theFakeTshirtCompany.com,,claire.roberts,medium,Legal,normal,false,,,Atlanta,US,33.7490,-84.3880
taylor.campbell,,taylor.campbell,Taylor,Campbell,,taylor.campbell@theFakeTshirtCompany.com,,margaret.taylor,critical,Sales,normal,false,,,Austin,US,30.2672,-97.7431
taylor.wong,,taylor.wong,Taylor,Wong,,taylor.wong@theFakeTshirtCompany.com,,robert.wilson,medium,Finance,normal,false,,,Austin,US,30.2672,-97.7431
teresa.sanchez,,teresa.sanchez,Teresa,Sanchez,,teresa.sanchez@theFakeTshirtCompany.com,,linda.perez,medium,Operations,normal,false,,,Boston,US,42.3601,-71.0589
terrance.jackson,,terrance.jackson,Terrance,Jackson,,terrance.jackson@theFakeTshirtCompany.com,,darren.hayes,medium,Engineering,normal,false,,,Atlanta,US,33.7490,-84.3880
tiffany.lopez,,tiffany.lopez,Tiffany,Lopez,,tiffany.lopez@theFakeTshirtCompany.com,,jessica.brown,medium,IT,normal,false,,,Atlanta,US,33.7490,-84.3880
tonya.russell,,tonya.russell,Tonya,Russell,,tonya.russell@theFakeTshirtCompany.com,,jessica.brown,medium,IT,normal,false,,,Atlanta,US,33.7490,-84.3880
tyler.brooks,,tyler.brooks,Tyler,Brooks,,tyler.brooks@theFakeTshirtCompany.com,,nicholas.lewis,medium,Engineering,normal,false,,,Boston,US,42.3601,-71.0589
tyrone.allen,,tyrone.allen,Tyrone,Allen,,tyrone.allen@theFakeTshirtCompany.com,,frank.mitchell,medium,Operations,normal,false,,,Atlanta,US,33.7490,-84.3880
vanessa.hill,,vanessa.hill,Vanessa,Hill,,vanessa.hill@theFakeTshirtCompany.com,,robert.wilson,medium,Finance,normal,false,,,Atlanta,US,33.7490,-84.3880
victoria.adams,,victoria.adams,Victoria,Adams,,victoria.adams@theFakeTshirtCompany.com,,olivia.moore,medium,Marketing,normal,false,,,Boston,US,42.3601,-71.0589
whitney.morris,,whitney.morris,Whitney,Morris,,whitney.morris@theFakeTshirtCompany.com,,darren.hayes,medium,Engineering,normal,false,,,Atlanta,US,33.7490,-84.3880
william.jackson,,william.jackson,William,Jackson,,william.jackson@theFakeTshirtCompany.com,,robert.wilson,medium,Finance,normal,false,,,Boston,US,42.3601,-71.0589
william.rodriguez,,william.rodriguez,William,Rodriguez,,william.rodriguez@theFakeTshirtCompany.com,,amelia.collins,medium,Engineering,normal,false,,,Austin,US,30.2672,-97.7431
wyatt.anderson,,wyatt.anderson,Wyatt,Anderson,,wyatt.anderson@theFakeTshirtCompany.com,,zoey.collins,medium,Sales,normal,false,,,Austin,US,30.2672,-97.7431
yolanda.henderson,,yolanda.henderson,Yolanda,Henderson,,yolanda.henderson@theFakeTshirtCompany.com,,jessica.brown,medium,IT,normal,false,,,Atlanta,US,33.7490,-84.3880
zara.brooks,,zara.brooks,Zara,Brooks,,zara.brooks@theFakeTshirtCompany.com,,robert.wilson,medium,Finance,normal,false,,,Boston,US,42.3601,-71.0589
zoe.reed,,zoe.reed,Zoe,Reed,,zoe.reed@theFakeTshirtCompany.com,,aria.ramirez,medium,HR,normal,false,,,Boston,US,42.3601,-71.0589
zoey.collins,,zoey.collins,Zoey,Collins,,zoey.collins@theFakeTshirtCompany.com,,margaret.taylor,medium,Sales,normal,false,,,Austin,US,30.2672,-97.7431
zoey.edwards,,zoey.edwards,Zoey,Edwards,,zoey.edwards@theFakeTshirtCompany.com,,robert.wilson,medium,Finance,normal,false,,,Boston,US,42.3601,-71.0589
zoey.young,,zoey.young,Zoey,Young,,zoey.young@theFakeTshirtCompany.com,,zoey.collins,medium,Sales,normal,false,,,Austin,US,30.2672,-97.7431
